repo	query	anchor	truth	recv
rails	db_dir	activerecord/lib/active_record/tasks/database_tasks.rb:454:92	activerecord/lib/active_record/tasks/database_tasks.rb:83	const
rails	db_dir	activerecord/lib/active_record/tasks/database_tasks.rb:419:27	activerecord/lib/active_record/tasks/database_tasks.rb:83	implicit
rails	classify	activesupport/test/inflector_test.rb:374:53	activesupport/lib/active_support/inflector/methods.rb:218	const
rails	classify	activesupport/test/inflector_test.rb:363:57	activesupport/lib/active_support/inflector/methods.rb:218	const
rails	install_executor_hooks	activerecord/lib/active_record/railtie.rb:313:32	activerecord/lib/active_record/query_cache.rb:52	const
rails	install_executor_hooks	activerecord/lib/active_record/railtie.rb:314:48	activerecord/lib/active_record/asynchronous_queries_tracker.rb:32	const
rails	delete_if	actionpack/test/controller/parameters/mutators_test.rb:52:30	actionpack/lib/action_controller/metal/strong_parameters.rb:983	ivar
rails	relative_url_root	actionpack/lib/action_dispatch/routing/route_set.rb:849:41	actionpack/lib/action_dispatch/routing/route_set.rb:415	implicit
rails	remove_connection	activerecord/test/cases/adapters/sqlite3/sqlite3_adapter_test.rb:61:52	activerecord/lib/active_record/connection_handling.rb:355	const
rails	remove_connection	activerecord/test/support/connection_helper.rb:5:46	activerecord/lib/active_record/connection_handling.rb:355	const
rails	decode_credentials	actionpack/test/controller/http_digest_authentication_test.rb:282:52	actionpack/lib/action_controller/metal/http_authentication.rb:267	const
rails	decode_credentials	actionpack/lib/action_controller/metal/http_authentication.rb:119:9	actionpack/lib/action_controller/metal/http_authentication.rb:122	implicit
rails	readers	activerecord/test/cases/associations/has_many_associations_test.rb:614:28	activerecord/test/models/person.rb:4	local
rails	generates_token_for	activerecord/test/cases/token_for_test.rb:17:5	activerecord/lib/active_record/token_for.rb:102	implicit
rails	generates_token_for	activerecord/test/cases/token_for_test.rb:88:10	activerecord/lib/active_record/token_for.rb:102	const
rails	processed_mailer	actionmailer/lib/action_mailer/message_delivery.rb:125:9	actionmailer/lib/action_mailer/message_delivery.rb:134	implicit
rails	processed_mailer	actionmailer/lib/action_mailer/message_delivery.rb:32:25	actionmailer/lib/action_mailer/message_delivery.rb:134	implicit
rails	field_name	actionview/test/template/form_tag_helper_test.rb:259:13	actionview/lib/action_view/helpers/form_tag_helper.rb:132	implicit
rails	field_name	actionview/test/template/form_tag_helper_test.rb:295:13	actionview/lib/action_view/helpers/form_tag_helper.rb:132	implicit
rails	zettabytes	activesupport/test/core_ext/numeric_ext_test.rb:300:31	activesupport/test/core_ext/numeric_ext_test.rb:163	implicit
rails	zettabytes	activesupport/test/number_helper_test.rb:281:68	activesupport/test/number_helper_test.rb:56	implicit
rails	indent	activesupport/test/core_ext/string_ext_test.rb:1160:29	activesupport/lib/active_support/core_ext/string/indent.rb:42	local
rails	indent	railties/test/generators/actions_test.rb:763:43	activesupport/lib/active_support/core_ext/string/indent.rb:42	local
rails	route_name	actionpack/lib/action_dispatch/routing/route_set.rb:289:37	actionpack/lib/action_dispatch/routing/route_set.rb:203	implicit
rails	route_name	actionpack/lib/action_controller/metal/exceptions.rb:46:73	actionpack/lib/action_controller/metal/exceptions.rb:28	implicit
rails	encryption_key	activerecord/test/cases/encryption/key_provider_test.rb:21:44	activerecord/lib/active_record/encryption/key_provider.rb:20	ivar
rails	encryption_key	activerecord/test/cases/encryption/key_provider_test.rb:16:36	activerecord/lib/active_record/encryption/key_provider.rb:20	local
rails	create_message	activesupport/lib/active_support/message_verifier.rb:305:7	activesupport/lib/active_support/message_verifier.rb:308	implicit
rails	create_message	activesupport/lib/active_support/message_encryptor.rb:221:7	activesupport/lib/active_support/message_encryptor.rb:256	implicit
rails	local_level=	activesupport/lib/active_support/logger_thread_safe_level.rb:39:12	activesupport/lib/active_support/logger_thread_safe_level.rb:14	self
rails	status=	actionpack/test/controller/integration_test.rb:748:12	actionpack/lib/action_controller/metal.rb:184	self
rails	reset	activesupport/test/current_attributes_test.rb:136:13	activesupport/lib/active_support/current_attributes.rb:154	const
rails	reset	activerecord/lib/active_record/railties/controller_runtime.rb:38:41	activerecord/lib/active_record/runtime_registry.rb:44	const
rails	depth	activesupport/lib/active_support/xml_mini/jdom.rb:44:77	activesupport/lib/active_support/xml_mini.rb:96	const
rails	depth	activesupport/lib/active_support/xml_mini/rexml.rb:32:48	activesupport/lib/active_support/xml_mini.rb:96	const
rails	with_test_route_set	actionpack/test/controller/integration_test.rb:391:5	actionpack/test/controller/integration_test.rb:644	implicit
rails	with_test_route_set	actionpack/test/dispatch/session/cookie_store_test.rb:132:5	actionpack/test/dispatch/session/cookie_store_test.rb:460	implicit
rails	url_for	actionpack/test/dispatch/request_test.rb:16:31	actionpack/lib/action_dispatch/http/url.rb:52	const
rails	url_for	actionpack/test/dispatch/routing_test.rb:2651:7	actionpack/test/dispatch/routing_test.rb:3936	implicit
rails	remove_columns	activerecord/lib/active_record/connection_adapters/abstract/schema_statements.rb:1453:9	activerecord/lib/active_record/connection_adapters/abstract/schema_statements.rb:675	implicit
rails	getutc	activesupport/lib/active_support/time_with_zone.rb:343:9	activesupport/lib/active_support/time_with_zone.rb:68	implicit
rails	fields	actionview/lib/action_view/helpers/form_helper.rb:1031:9	actionview/lib/action_view/helpers/form_helper.rb:1079	implicit
rails	fields	actionview/test/template/form_helper/form_with_test.rb:2061:17	actionview/lib/action_view/helpers/form_helper.rb:1079	implicit
rails	_process_options	actionpack/lib/action_controller/api/api_rendering.rb:14:7	actionpack/lib/action_controller/metal/rendering.rb:250	implicit
rails	isolation_level	activerecord/test/cases/connection_pool_test.rb:17:75	activesupport/lib/active_support/isolated_execution_state.rb:12	const
rails	isolation_level	railties/test/application/configuration_test.rb:4296:67	activesupport/lib/active_support/isolated_execution_state.rb:12	const
rails	run_server_blocks	railties/lib/rails/engine.rb:487:7	railties/lib/rails/railtie.rb:288	implicit
rails	find_nth_with_limit	activerecord/lib/active_record/relation/finder_methods.rb:600:29	activerecord/lib/active_record/relation/finder_methods.rb:603	implicit
rails	find_nth_with_limit	activerecord/lib/active_record/relation/finder_methods.rb:175:9	activerecord/lib/active_record/relation/finder_methods.rb:603	implicit
rails	uncountable?	activemodel/test/cases/naming_test.rb:47:37	activemodel/lib/active_model/naming.rb:209	ivar
rails	uncountable?	railties/lib/rails/generators/named_base.rb:98:43	railties/lib/rails/generators/named_base.rb:93	implicit
rails	find_attachment	activestorage/lib/active_storage/attached/changes/create_one.rb:55:9	activestorage/lib/active_storage/attached/changes/create_one.rb:58	implicit
rails	set	activejob/test/cases/queue_naming_test.rb:152:22	activejob/lib/active_job/core.rb:86	const
rails	set	actionpack/lib/action_dispatch/routing/route_set.rb:814:13	actionpack/lib/action_dispatch/routing/route_set.rb:715	implicit
rails	channel_name	actioncable/test/channel/naming_test.rb:10:71	actioncable/lib/action_cable/channel/naming.rb:18	const
rails	foreign_key_present?	activerecord/lib/active_record/associations/collection_association.rb:305:31	activerecord/lib/active_record/associations/association.rb:328	implicit
rails	foreign_key_present?	activerecord/lib/active_record/associations/belongs_to_association.rb:77:63	activerecord/lib/active_record/associations/belongs_to_association.rb:149	implicit
rails	read_entry	activesupport/lib/active_support/cache.rb:708:19	activesupport/lib/active_support/cache.rb:796	implicit
rails	read_entry	activesupport/lib/active_support/cache.rb:826:21	activesupport/lib/active_support/cache.rb:796	implicit
rails	render_template	actionview/lib/action_view/renderer/template_renderer.rb:11:7	actionview/lib/action_view/renderer/template_renderer.rb:58	implicit
rails	compile	activerecord/test/cases/arel/collectors/substitute_bind_collector_test.rb:34:15	activerecord/test/cases/arel/collectors/substitute_bind_collector_test.rb:24	implicit
rails	compile	activerecord/test/cases/arel/collectors/composite_test.rb:37:22	activerecord/test/cases/arel/collectors/composite_test.rb:24	implicit
rails	context	activerecord/lib/active_record/connection_adapters/abstract_adapter.rb:331:62	activesupport/lib/active_support/isolated_execution_state.rb:56	const
rails	context	actionview/test/template/resolver_shared_tests.rb:114:9	actionview/test/template/resolver_shared_tests.rb:18	implicit
rails	default_middleware_stack	railties/lib/rails/engine.rb:520:19	railties/lib/rails/engine.rb:714	implicit
rails	devcontainer?	railties/lib/rails/generators/rails/db/system/change/change_generator.rb:56:27	railties/lib/rails/generators/rails/db/system/change/change_generator.rb:197	implicit
rails	to_h	activesupport/test/execution_context_test.rb:43:47	activesupport/lib/active_support/execution_context.rb:39	const
rails	to_h	activesupport/lib/active_support/ordered_options.rb:143:7	activesupport/lib/active_support/ordered_options.rb:103	implicit
rails	permitted?	actionpack/lib/action_controller/metal/strong_parameters.rb:345:10	actionpack/lib/action_controller/metal/strong_parameters.rb:458	implicit
rails	permitted?	activemodel/test/cases/attribute_assignment_test.rb:58:54	activemodel/test/cases/attribute_assignment_test.rb:30	implicit
rails	collect?	activerecord/lib/active_record/connection_adapters/mysql2/database_statements.rb:9:30	activerecord/lib/active_record/explain_registry.rb:13	const
rails	collect?	activerecord/lib/active_record/explain_subscriber.rb:13:26	activerecord/lib/active_record/explain_registry.rb:13	const
rails	node	actiontext/lib/action_text/attachment.rb:137:74	actiontext/lib/action_text/attachment.rb:63	implicit
rails	response_code	actionpack/test/dispatch/response_test.rb:198:33	actionpack/lib/action_dispatch/http/response.rb:306	ivar
rails	call_controller	actionpack/test/controller/helper_test.rb:326:23	actionpack/test/controller/helper_test.rb:308	implicit
rails	call_controller	actionpack/test/controller/helper_test.rb:181:31	actionpack/test/controller/helper_test.rb:171	implicit
rails	deprecated_method_warning	activesupport/lib/active_support/deprecation/reporting.rb:101:9	activesupport/lib/active_support/deprecation/reporting.rb:115	implicit
rails	schema_creation	activerecord/lib/active_record/connection_adapters/abstract/schema_statements.rb:907:17	activerecord/lib/active_record/connection_adapters/abstract/schema_statements.rb:1535	implicit
rails	schema_creation	activerecord/lib/active_record/connection_adapters/postgresql/schema_statements.rb:825:19	activerecord/lib/active_record/connection_adapters/postgresql/schema_statements.rb:952	implicit
rails	valid_options	activerecord/lib/active_record/associations/builder/association.rb:70:33	activerecord/lib/active_record/associations/builder/association.rb:65	implicit
rails	to_sql	activerecord/test/cases/arel/select_manager_test.rb:472:19	activerecord/lib/arel/tree_manager.rb:53	local
rails	type_map	activerecord/lib/active_record/connection_adapters/postgresql_adapter.rb:855:15	activerecord/lib/active_record/connection_adapters/postgresql_adapter.rb:735	implicit
rails	type_map	activerecord/lib/active_record/connection_adapters/postgresql_adapter.rb:737:37	activerecord/lib/active_record/connection_adapters/postgresql_adapter.rb:735	implicit
rails	select_time	actionview/test/template/date_helper_test.rb:1802:32	actionview/lib/action_view/helpers/date_helper.rb:494	implicit
rails	select_time	actionview/test/template/date_helper_test.rb:1598:32	actionview/lib/action_view/helpers/date_helper.rb:494	implicit
rails	reload_schema_from_cache	activerecord/lib/active_record/model_schema.rb:545:11	activerecord/lib/active_record/model_schema.rb:555	implicit
rails	reload_schema_from_cache	activerecord/lib/active_record/attributes.rb:295:11	activerecord/lib/active_record/attributes.rb:269	implicit
rails	compute_if_absent	activerecord/lib/active_record/connection_adapters/abstract/query_cache.rb:186:32	activerecord/lib/active_record/connection_adapters/abstract/query_cache.rb:103	ivar
rails	relative_path	railties/lib/rails/commands/credentials/credentials_command.rb:70:25	railties/lib/rails/commands/credentials/credentials_command.rb:126	implicit
rails	relative_path	railties/lib/rails/commands/credentials/credentials_command.rb:66:29	railties/lib/rails/commands/credentials/credentials_command.rb:126	implicit
rails	before_save_callbacks_counter	activerecord/test/cases/autosave_association_test.rb:369:26	activerecord/test/models/chef.rb:15	local
rails	before_save_callbacks_counter	activerecord/test/cases/autosave_association_test.rb:359:26	activerecord/test/models/eye.rb:55	local
rails	exec_restart_db_transaction	activerecord/lib/active_record/connection_adapters/abstract/database_statements.rb:459:9	activerecord/lib/active_record/connection_adapters/abstract/database_statements.rb:462	implicit
rails	build_directive	actionpack/lib/action_dispatch/http/content_security_policy.rb:329:31	actionpack/lib/action_dispatch/http/content_security_policy.rb:339	implicit
rails	build_directive	actionpack/lib/action_dispatch/http/content_security_policy.rb:327:31	actionpack/lib/action_dispatch/http/content_security_policy.rb:339	implicit
rails	select_hour	actionview/test/template/date_helper_test.rb:621:32	actionview/lib/action_view/helpers/date_helper.rb:570	implicit
rails	select_hour	actionview/test/template/date_helper_test.rb:645:32	actionview/lib/action_view/helpers/date_helper.rb:570	implicit
rails	key_provider	activerecord/lib/active_record/encryption/encrypted_attribute_type.rb:159:27	activerecord/lib/active_record/encryption/encrypted_attribute_type.rb:15	implicit
rails	key_provider	activerecord/lib/active_record/encryption/encrypted_attribute_type.rb:155:27	activerecord/lib/active_record/encryption/encrypted_attribute_type.rb:15	implicit
rails	minutes	activesupport/lib/active_support/core_ext/numeric/time.rb:22:29	activesupport/lib/active_support/duration.rb:159	const
rails	stream	actionpack/test/dispatch/response_test.rb:29:15	actionpack/lib/action_dispatch/http/response.rb:169	ivar
rails	stream	actionpack/test/dispatch/response_test.rb:28:15	actionpack/lib/action_dispatch/http/response.rb:169	ivar
rails	translate	actionview/test/template/translation_helper_test.rb:334:19	actionview/lib/action_view/helpers/translation_helper.rb:73	implicit
rails	translate	actionview/test/template/translation_helper_test.rb:76:25	actionview/lib/action_view/helpers/translation_helper.rb:73	implicit
rails	savepoint_errors_invalidate_transactions?	activerecord/lib/active_record/connection_adapters/abstract_adapter.rb:1061:25	activerecord/lib/active_record/connection_adapters/abstract_adapter.rb:389	implicit
rails	_prefixes	actionview/lib/action_view/view_paths.rb:90:83	actionview/lib/action_view/view_paths.rb:81	implicit
rails	_prefixes	actionview/lib/action_view/rendering.rb:183:34	actionview/lib/action_view/view_paths.rb:81	implicit
rails	collection_checkboxes	actionview/test/template/active_model_helper_test.rb:141:7	actionview/lib/action_view/helpers/form_options_helper.rb:782	implicit
rails	collection_checkboxes	actionview/test/template/form_collections_helper_test.rb:17:17	actionview/lib/action_view/helpers/form_options_helper.rb:782	implicit
rails	validate_options	activesupport/lib/active_support/cache.rb:296:30	activesupport/lib/active_support/cache.rb:912	implicit
rails	validate_options	activerecord/lib/active_record/associations/builder/association.rb:43:7	activerecord/lib/active_record/associations/builder/association.rb:69	implicit
rails	read_message	activesupport/lib/active_support/message_encryptor.rb:245:13	activesupport/lib/active_support/messages/rotator.rb:23	implicit
rails	read_message	activesupport/lib/active_support/message_verifier.rb:226:13	activesupport/lib/active_support/messages/rotator.rb:23	implicit
rails	named_variants	activestorage/app/models/active_storage/attachment.rb:135:33	activestorage/app/models/active_storage/attachment.rb:158	implicit
rails	named_variants	activestorage/lib/active_storage/reflection.rb:7:9	activestorage/lib/active_storage/reflection.rb:10	implicit
rails	transform_keys!	actionpack/test/controller/parameters/accessors_test.rb:272:58	actionpack/lib/action_controller/metal/strong_parameters.rb:928	ivar
rails	new_mail	actionmailer/test/url_test.rb:107:16	actionmailer/test/url_test.rb:60	implicit
rails	new_mail	actionmailbox/app/controllers/rails/conductor/action_mailbox/inbound_emails_controller.rb:19:44	actionmailbox/app/controllers/rails/conductor/action_mailbox/inbound_emails_controller.rb:24	implicit
rails	closed?	activerecord/lib/active_record/transaction.rb:113:8	activerecord/lib/active_record/transaction.rb:117	implicit
rails	closed?	actionpack/lib/action_dispatch/http/response.rb:123:43	actionpack/lib/action_dispatch/http/response.rb:149	implicit
rails	find_by_token_for!	activerecord/test/cases/token_for_test.rb:37:30	activerecord/lib/active_record/token_for.rb:110	const
rails	find_by_token_for!	activerecord/test/cases/token_for_test.rb:59:12	activerecord/lib/active_record/token_for.rb:110	const
rails	modules_for_helpers	actionpack/lib/abstract_controller/helpers.rb:58:9	actionpack/lib/abstract_controller/helpers.rb:33	implicit
rails	modules_for_helpers	actionpack/lib/abstract_controller/helpers.rb:197:9	actionpack/lib/abstract_controller/helpers.rb:33	implicit
rails	compact_blank	actionpack/test/controller/parameters/mutators_test.rb:180:34	actionpack/lib/action_controller/metal/strong_parameters.rb:999	ivar
rails	instance	activesupport/test/current_attributes_test.rb:210:66	activesupport/lib/active_support/current_attributes.rb:102	const
rails	instance	railties/test/generators/shared_generator_tests.rb:28:46	railties/lib/rails/application.rb:80	const
rails	group	activerecord/test/cases/arel/select_manager_test.rb:42:19	activerecord/lib/arel/select_manager.rb:74	local
rails	clear_history	activerecord/test/cases/transaction_callbacks_test.rb:939:29	activerecord/test/cases/transaction_callbacks_test.rb:897	const
rails	perform_action	actioncable/test/channel/base_test.rb:221:14	actioncable/lib/action_cable/channel/base.rb:176	ivar
rails	perform_action	actioncable/test/channel/rejection_test.rb:50:16	actioncable/lib/action_cable/channel/base.rb:176	ivar
rails	sections	activerecord/test/cases/associations/has_many_through_associations_test.rb:1609:10	activerecord/test/models/session.rb:4	local
rails	sections	activerecord/test/cases/associations/has_many_through_associations_test.rb:1606:13	activerecord/test/models/seminar.rb:4	local
rails	yesterday	activesupport/test/core_ext/date_ext_test.rb:176:41	activesupport/lib/active_support/core_ext/date/calculations.rb:38	const
rails	yesterday	activesupport/test/core_ext/date_ext_test.rb:182:43	activesupport/lib/active_support/core_ext/date/calculations.rb:38	const
rails	output_buffer	actionview/test/template/capture_helper_test.rb:141:38	actionview/lib/action_view/test_case.rb:63	implicit
rails	output_buffer	actionview/test/template/capture_helper_test.rb:131:7	actionview/lib/action_view/test_case.rb:63	implicit
rails	convert_key	activesupport/lib/active_support/hash_with_indifferent_access.rb:252:28	activesupport/lib/active_support/hash_with_indifferent_access.rb:392	implicit
rails	convert_key	activesupport/lib/active_support/hash_with_indifferent_access.rb:366:25	activesupport/lib/active_support/hash_with_indifferent_access.rb:392	implicit
rails	with_stubbed_configurations_establish_connection	activerecord/test/cases/tasks/database_tasks_test.rb:644:7	activerecord/test/cases/tasks/database_tasks_test.rb:698	implicit
rails	with_stubbed_configurations_establish_connection	activerecord/test/cases/tasks/database_tasks_test.rb:565:7	activerecord/test/cases/tasks/database_tasks_test.rb:573	implicit
rails	parameters	actionpack/lib/action_controller/metal/strong_parameters.rb:325:9	actionpack/lib/action_controller/metal/strong_parameters.rb:1128	implicit
rails	_original_value_for_database	activemodel/lib/active_model/attribute.rb:147:9	activemodel/lib/active_model/attribute.rb:169	implicit
rails	sharded?	activerecord/test/cases/shard_keys_test.rb:78:32	activerecord/lib/active_record/connection_handling.rb:380	const
rails	sharded?	activerecord/test/cases/shard_keys_test.rb:77:37	activerecord/lib/active_record/connection_handling.rb:380	const
rails	unknown	activesupport/test/broadcast_logger_test.rb:118:16	activesupport/lib/active_support/broadcast_logger.rb:141	local
rails	_set_html_content_type	actionpack/lib/abstract_controller/rendering.rb:31:9	actionpack/lib/abstract_controller/rendering.rb:105	implicit
rails	terminal	actionpack/lib/action_dispatch/journey/visitors.rb:127:37	actionpack/lib/action_dispatch/journey/visitors.rb:124	implicit
rails	terminal	actionpack/lib/action_dispatch/journey/visitors.rb:89:33	actionpack/lib/action_dispatch/journey/visitors.rb:85	implicit
rails	extract!	activesupport/test/core_ext/array/extract_test.rb:22:34	activesupport/lib/active_support/core_ext/array/extract.rb:10	local
rails	extract!	activesupport/test/core_ext/hash_ext_test.rb:391:26	activesupport/lib/active_support/core_ext/hash/slice.rb:24	local
rails	reader	activerecord/lib/active_record/associations/belongs_to_association.rb:41:48	activerecord/lib/active_record/associations/singular_association.rb:7	implicit
rails	shard	activerecord/test/cases/connection_pool_test.rb:858:38	activerecord/lib/active_record/connection_adapters/abstract/connection_pool.rb:191	ivar
rails	shard	activerecord/lib/active_record/connection_adapters/abstract_adapter.rb:177:56	activerecord/lib/active_record/connection_adapters/abstract_adapter.rb:304	implicit
rails	rails_gemfile_entry	railties/lib/rails/generators/rails/plugin/plugin_generator.rb:329:11	railties/lib/rails/generators/rails/plugin/plugin_generator.rb:338	implicit
rails	rails_gemfile_entry	railties/lib/rails/generators/app_base.rb:150:11	railties/lib/rails/generators/app_base.rb:460	implicit
rails	url_helpers	actionpack/test/abstract_unit.rb:233:22	actionpack/lib/action_dispatch/routing/route_set.rb:530	local
rails	url_helpers	actionpack/test/routing/helper_test.rb:25:22	actionpack/lib/action_dispatch/routing/route_set.rb:530	local
rails	user_input_in_time_zone	activemodel/test/cases/type/time_test.rb:29:27	activemodel/lib/active_model/type/time.rb:49	local
rails	user_input_in_time_zone	activemodel/test/cases/type/time_test.rb:28:27	activemodel/lib/active_model/type/time.rb:49	local
rails	configuration_hash	activerecord/lib/active_record/tasks/postgresql_database_tasks.rb:109:37	activerecord/lib/active_record/tasks/postgresql_database_tasks.rb:88	implicit
rails	configuration_hash	activerecord/lib/active_record/database_configurations/hash_config.rb:85:9	activerecord/lib/active_record/database_configurations/hash_config.rb:23	implicit
rails	verify_redirect	actionpack/test/dispatch/routing_test.rb:315:5	actionpack/test/dispatch/routing_test.rb:3956	implicit
rails	verify_redirect	actionpack/test/dispatch/routing_test.rb:342:5	actionpack/test/dispatch/routing_test.rb:3956	implicit
rails	custom	actionpack/lib/action_controller/metal/mime_responds.rb:266:11	actionpack/lib/action_controller/metal/mime_responds.rb:271	implicit
rails	unique_id	activesupport/lib/active_support/notifications/instrumenter.rb:17:21	activesupport/lib/active_support/notifications/instrumenter.rb:101	implicit
rails	build_from_database	activemodel/test/cases/attribute_set_test.rb:243:28	activemodel/lib/active_model/attribute_set/builder.rb:15	local
rails	build_from_database	activemodel/test/cases/attribute_set_test.rb:149:28	activemodel/lib/active_model/attribute_set/builder.rb:15	local
rails	key_pattern	activesupport/test/cache/behaviors/cache_logging_behavior.rb:21:32	activesupport/test/cache/behaviors/cache_logging_behavior.rb:80	implicit
rails	key_pattern	activesupport/test/cache/behaviors/cache_logging_behavior.rb:27:33	activesupport/test/cache/behaviors/cache_logging_behavior.rb:80	implicit
rails	data_sources	activerecord/lib/active_record/connection_adapters/abstract/schema_statements.rb:47:9	activerecord/lib/active_record/connection_adapters/abstract/schema_statements.rb:34	implicit
rails	run	activerecord/test/cases/reaper_test.rb:50:16	activerecord/lib/active_record/connection_adapters/abstract/connection_pool/reaper.rb:71	local
rails	configurations	railties/lib/rails/commands/dbconsole/dbconsole_command.rb:36:88	railties/lib/rails/commands/dbconsole/dbconsole_command.rb:59	implicit
rails	configurations	railties/lib/rails/commands/dbconsole/dbconsole_command.rb:28:24	railties/lib/rails/commands/dbconsole/dbconsole_command.rb:59	implicit
rails	feel	activerecord/examples/performance.rb:138:13	activerecord/examples/performance.rb:44	const
rails	convert_to_id	activerecord/lib/active_record/relation/predicate_builder/polymorphic_array_value.rb:28:53	activerecord/lib/active_record/relation/predicate_builder/polymorphic_array_value.rb:44	implicit
rails	convert_to_id	activerecord/lib/active_record/relation/predicate_builder/association_query_value.rb:33:29	activerecord/lib/active_record/relation/predicate_builder/association_query_value.rb:59	implicit
rails	coder	activerecord/lib/active_record/type/serialized.rb:53:57	activerecord/lib/active_record/type/serialized.rb:10	implicit
rails	coder	activerecord/lib/active_record/type/serialized.rb:22:11	activerecord/lib/active_record/type/serialized.rb:10	implicit
rails	capture_log_output	actionpack/test/controller/live_stream_test.rb:481:7	actionpack/test/controller/live_stream_test.rb:346	implicit
rails	capture_log_output	actionpack/test/controller/params_parse_test.rb:15:18	actionpack/test/controller/params_parse_test.rb:27	implicit
rails	macro	activerecord/lib/active_record/reflection.rb:535:72	activerecord/lib/active_record/reflection.rb:699	implicit
rails	macro	activerecord/lib/active_record/associations/builder/association.rb:50:39	activerecord/lib/active_record/associations/builder/association.rb:61	implicit
rails	init_internals	activerecord/lib/active_record/core.rb:493:7	activerecord/lib/active_record/core.rb:776	implicit
rails	init_internals	activerecord/lib/active_record/core.rb:456:7	activerecord/lib/active_record/core.rb:776	implicit
rails	normalize_name	actionview/lib/action_view/lookup_context.rb:149:26	actionview/lib/action_view/lookup_context.rb:209	implicit
rails	normalize_name	actionview/lib/action_view/lookup_context.rb:129:26	actionview/lib/action_view/lookup_context.rb:209	implicit
rails	able_to_type_cast?	activerecord/test/cases/arel/attributes/attribute_test.rb:1128:28	activerecord/lib/arel/table.rb:114	local
rails	find_signed!	activestorage/test/models/attachment_test.rb:125:44	activestorage/app/models/active_storage/blob.rb:76	const
rails	find_signed!	activerecord/test/cases/signed_id_test.rb:146:36	activerecord/lib/active_record/signed_id.rb:72	const
discourse	resolve_username	app/services/anonymous_shadow_creator.rb:45:16	app/services/anonymous_shadow_creator.rb:81	implicit
discourse	resolve_username	lib/auth/result.rb:87:31	lib/auth/result.rb:209	implicit
discourse	message_text	plugins/discourse-ai/lib/completions/prompt_messages_builder.rb:259:20	plugins/discourse-ai/lib/completions/prompt_messages_builder.rb:240	implicit
discourse	message_text	plugins/discourse-chat-integration/spec/lib/discourse_chat_integration/chat_integration_reference_post_spec.rb:37:62	plugins/discourse-chat-integration/lib/discourse_chat_integration/provider/telegram/telegram_provider.rb:129	const
discourse	build_resolver	plugins/discourse-workflows/lib/discourse_workflows/executor.rb:336:18	plugins/discourse-workflows/lib/discourse_workflows/executor.rb:1087	implicit
discourse	digest	spec/lib/stylesheet/manager_spec.rb:334:25	lib/stylesheet/manager/builder.rb:163	local
discourse	digest	spec/lib/stylesheet/manager_spec.rb:426:25	lib/stylesheet/manager/builder.rb:163	local
discourse	build	migrations/core/lib/migrations/conversion/base.rb:25:40	migrations/core/lib/migrations/common/reporting/factory.rb:10	const
discourse	send_reminder_notification	plugins/discourse-data-explorer/lib/discourse_data_explorer/query_group_bookmarkable.rb:53:7	app/services/base_bookmarkable.rb:121	implicit
discourse	send_reminder_notification	app/services/post_bookmarkable.rb:45:5	app/services/base_bookmarkable.rb:121	implicit
discourse	send_reminder	plugins/discourse-events/jobs/scheduled/monitor_event_dates.rb:10:11	plugins/discourse-events/jobs/scheduled/monitor_event_dates.rb:16	implicit
discourse	parameter_value	plugins/discourse-workflows/lib/discourse_workflows/executor/trigger_execution_context.rb:64:17	plugins/discourse-workflows/lib/discourse_workflows/executor/trigger_execution_context.rb:182	implicit
discourse	parameter_value	plugins/discourse-workflows/lib/discourse_workflows/trigger_node_context.rb:16:15	plugins/discourse-workflows/lib/discourse_workflows/trigger_node_context.rb:26	implicit
discourse	master_user	app/models/user.rb:2313:20	app/models/user.rb:136	implicit
discourse	master_user	app/models/user.rb:2313:35	app/models/user.rb:136	implicit
discourse	from_setting	plugins/discourse-ai/db/migrate/20250917185050_enable_discover_feature_if_configured.rb:4:27	plugins/discourse-ai/db/migrate/20250917185050_enable_discover_feature_if_configured.rb:21	implicit
discourse	from_setting	plugins/discourse-ai/db/migrate/20250917185050_enable_discover_feature_if_configured.rb:5:22	plugins/discourse-ai/db/migrate/20250917185050_enable_discover_feature_if_configured.rb:21	implicit
discourse	escape_identifier	migrations/tooling/lib/migrations/tooling/schema/model_writer.rb:31:57	migrations/tooling/lib/migrations/tooling/schema/model_writer.rb:205	implicit
discourse	escape_identifier	migrations/tooling/lib/migrations/tooling/schema/table_writer.rb:93:19	migrations/tooling/lib/migrations/tooling/schema/helpers.rb:174	const
discourse	in_progress	plugins/discourse-ai/lib/agents/tools/update_artifact.rb:88:11	plugins/discourse-ai/lib/agents/tools/update_artifact.rb:91	implicit
discourse	in_progress	plugins/discourse-ai/lib/agents/tools/create_artifact.rb:88:13	plugins/discourse-ai/lib/agents/tools/create_artifact.rb:92	implicit
discourse	graph_option	plugins/discourse-workflows/lib/discourse_workflows/executor/trigger_execution_context.rb:115:30	plugins/discourse-workflows/lib/discourse_workflows/executor/trigger_execution_context.rb:173	implicit
discourse	graph_option	plugins/discourse-workflows/lib/discourse_workflows/executor/node_execution_context.rb:468:30	plugins/discourse-workflows/lib/discourse_workflows/executor/node_execution_context.rb:558	implicit
discourse	new_personal_messages_notifications_count	app/serializers/user_notification_total_serializer.rb:20:5	app/serializers/user_notification_total_serializer.rb:62	implicit
discourse	new_personal_messages_notifications_count	app/models/user.rb:929:59	app/models/user.rb:754	implicit
discourse	update_distinct_badge_count	app/models/user_stat.rb:8:5	app/models/user_stat.rb:193	implicit
discourse	update_distinct_badge_count	app/jobs/scheduled/ensure_badges_consistency.rb:12:16	app/models/user_stat.rb:193	const
discourse	has_been_uploaded?	app/controllers/uploads_controller.rb:130:50	lib/file_store/local_store.rb:24	local
discourse	has_been_uploaded?	lib/file_store/s3_store.rb:133:21	lib/file_store/s3_store.rb:142	implicit
discourse	git_branch	lib/discourse_hub.rb:18:17	lib/discourse.rb:953	const
discourse	git_branch	spec/lib/git_utils_spec.rb:38:23	lib/git_utils.rb:8	const
discourse	resolve	app/models/topic_embed.rb:150:14	lib/final_destination.rb:219	local
discourse	resolve	spec/lib/final_destination_spec.rb:436:24	lib/final_destination.rb:219	local
discourse	partial	plugins/discourse-ai/lib/completions/thinking.rb:48:52	plugins/discourse-ai/lib/completions/thinking.rb:6	implicit
discourse	partial	plugins/discourse-ai/lib/completions/thinking.rb:44:54	plugins/discourse-ai/lib/completions/thinking.rb:6	implicit
discourse	create_optimized_images	migrations/importer/lib/migrations/importer/uploads/tasks/optimizer.rb:186:32	migrations/importer/lib/migrations/importer/uploads/tasks/optimizer.rb:210	implicit
discourse	create_optimized_images	script/bulk_import/generic_bulk.rb:2128:5	script/bulk_import/base.rb:1176	implicit
discourse	filter_from_query_string	spec/lib/topics_filter_spec.rb:2874:22	lib/topics_filter.rb:36	local
discourse	filter_from_query_string	spec/lib/topics_filter_spec.rb:2862:22	lib/topics_filter.rb:36	local
discourse	after_commit_of_inserted_rows	migrations/importer/lib/migrations/importer/copy_step.rb:100:11	migrations/importer/lib/migrations/importer/copy_step.rb:129	implicit
discourse	resolve_hash	plugins/discourse-workflows/app/services/discourse_workflows/form/show.rb:68:28	plugins/discourse-workflows/lib/discourse_workflows/expression_resolver.rb:31	const
discourse	resolve_hash	plugins/discourse-workflows/lib/discourse_workflows/load_options_context.rb:80:46	plugins/discourse-workflows/lib/discourse_workflows/expression_resolver.rb:31	const
discourse	tools_for_serialization	plugins/discourse-ai/app/models/ai_mcp_server.rb:123:5	plugins/discourse-ai/app/models/ai_mcp_server.rb:88	implicit
discourse	tools_for_serialization	plugins/discourse-ai/app/models/ai_agent_mcp_server.rb:39:5	plugins/discourse-ai/app/models/ai_agent_mcp_server.rb:21	implicit
discourse	notify_moderators	plugins/discourse-post-voting/lib/post_voting/comment_review_queue.rb:119:46	lib/topic_subtype.rb:34	const
discourse	notify_moderators	app/models/topic.rb:586:39	lib/topic_subtype.rb:34	const
discourse	latest_version	plugins/chat/spec/lib/discourse_workflows/nodes/chat_approval/v2_spec.rb:13:43	plugins/discourse-workflows/lib/discourse_workflows/registry.rb:47	const
discourse	latest_version	lib/discourse_updates.rb:39:30	app/models/discourse_version_check.rb:6	local
discourse	target_workflow	plugins/discourse-workflows/lib/discourse_workflows/workflow_call_preparer.rb:24:18	plugins/discourse-workflows/lib/discourse_workflows/workflow_call_preparer.rb:71	implicit
discourse	find_group	app/controllers/groups_controller.rb:263:13	app/controllers/groups_controller.rb:909	implicit
discourse	find_group	app/controllers/groups_controller.rb:224:13	app/controllers/groups_controller.rb:909	implicit
discourse	theme_fields	app/models/theme.rb:1099:9	app/models/theme.rb:43	implicit
discourse	theme_fields	spec/services/themes_spec.rb:158:22	app/models/theme.rb:43	local
discourse	build_row_input	plugins/discourse-workflows/lib/discourse_workflows/data_tables/node_proxy.rb:84:21	plugins/discourse-workflows/lib/discourse_workflows/data_tables/node_proxy.rb:173	implicit
discourse	dirty?	plugins/chat/app/jobs/regular/chat/process_message.rb:24:24	lib/cooked_processor_mixin.rb:361	local
discourse	existing_node_parameters_sql	plugins/discourse-workflows/db/post_migrate/20260722140539_remove_workflow_trigger_category_id_from_trigger_nodes.rb:116:65	plugins/discourse-workflows/db/post_migrate/20260722140539_remove_workflow_trigger_category_id_from_trigger_nodes.rb:102	implicit
discourse	existing_node_parameters_sql	plugins/discourse-workflows/db/migrate/20260722140536_copy_workflow_trigger_category_id_to_category_ids.rb:107:65	plugins/discourse-workflows/db/migrate/20260722140536_copy_workflow_trigger_category_id_to_category_ids.rb:93	implicit
discourse	device	plugins/discourse-ai/app/controllers/discourse_ai/ai_bot/conversations_controller.rb:77:44	lib/browser_detection.rb:37	const
discourse	device	app/serializers/concerns/user_auth_tokens_mixin.rb:27:28	lib/browser_detection.rb:37	const
discourse	update_custom_html	plugins/discourse-ai/lib/agents/tools/update_artifact.rb:166:13	plugins/discourse-ai/lib/agents/tools/update_artifact.rb:215	implicit
discourse	update_custom_html	plugins/discourse-ai/lib/agents/tools/read_artifact.rb:98:13	plugins/discourse-ai/lib/agents/tools/read_artifact.rb:193	implicit
discourse	request_id	app/services/user_api_key/device_auth/user_activation.rb:96:19	app/services/user_api_key/device_auth/user_activation.rb:178	implicit
discourse	request_id	app/services/user_api_key/device_auth/user_activation.rb:196:19	app/services/user_api_key/device_auth/user_activation.rb:178	implicit
discourse	i18n_key	spec/services/badge_granter_spec.rb:506:56	app/models/badge.rb:229	const
discourse	i18n_key	spec/models/user_spec.rb:3168:56	app/models/badge.rb:229	const
discourse	channels_matching	plugins/discourse-workflows/lib/discourse_workflows/ai/tools/search_chat_integration_channels.rb:40:55	plugins/discourse-workflows/lib/discourse_workflows/ai/tools/search_chat_integration_channels.rb:45	implicit
discourse	channels_matching	plugins/discourse-workflows/lib/discourse_workflows/ai/tools/search_chat_channels.rb:45:22	plugins/discourse-workflows/lib/discourse_workflows/ai/tools/search_chat_channels.rb:51	implicit
discourse	import_categories	script/import_scripts/discuz_x.rb:58:5	script/import_scripts/discuz_x.rb:321	implicit
discourse	import_categories	script/import_scripts/yammer.rb:41:5	script/import_scripts/yammer.rb:228	implicit
discourse	fill_password	spec/system/page_objects/pages/login.rb:70:9	spec/system/page_objects/pages/login.rb:63	implicit
discourse	filters	config/routes.rb:1446:15	lib/discourse.rb:347	const
discourse	free_bytes	lib/backup_restore/backup_store.rb:83:21	lib/backup_restore/backup_store.rb:104	implicit
discourse	start_impersonating_user	app/controllers/admin/impersonate_controller.rb:18:5	lib/current_user.rb:27	implicit
discourse	postprocess_posts	script/import_scripts/smf2.rb:71:5	script/import_scripts/smf2.rb:407	implicit
discourse	postprocess_posts	script/import_scripts/drupal.rb:43:5	script/import_scripts/drupal.rb:465	implicit
discourse	update_first_unread_pm	app/models/group_user.rb:17:5	app/models/group_user.rb:20	implicit
discourse	update_first_unread_pm	app/models/user_stat.rb:11:5	app/models/user_stat.rb:17	implicit
discourse	allowed_users	plugins/automation/spec/scripts/send_pms_spec.rb:59:17	app/models/topic.rb:262	local
discourse	upload	spec/requests/admin/emojis_controller_spec.rb:180:31	app/models/custom_emoji.rb:7	local
discourse	staff_attributes	app/serializers/user_card_serializer.rb:86:3	app/serializers/user_card_serializer.rb:13	implicit
discourse	staff_attributes	app/serializers/user_serializer.rb:35:3	app/serializers/user_card_serializer.rb:13	implicit
discourse	weekend_modifier	plugins/discourse-events/vendor/holidays/lib/holidays/load_all_definitions.rb:22:85	plugins/discourse-events/vendor/holidays/lib/holidays/load_all_definitions.rb:43	implicit
discourse	weekend_modifier	plugins/discourse-events/vendor/holidays/lib/holidays/load_all_definitions.rb:17:43	plugins/discourse-events/vendor/holidays/lib/holidays/load_all_definitions.rb:43	implicit
discourse	normalize_value	plugins/discourse-workflows/lib/discourse_workflows/cron_parser.rb:166:10	plugins/discourse-workflows/lib/discourse_workflows/cron_parser.rb:183	implicit
discourse	normalize_value	plugins/discourse-workflows/app/models/discourse_workflows/normalized_filter.rb:97:33	plugins/discourse-workflows/app/models/discourse_workflows/data_table_row.rb:33	const
discourse	confirm_password?	app/models/user.rb:2150:14	app/models/user.rb:1045	implicit
discourse	consume	spec/lib/anonymous_action_spec.rb:64:32	lib/anonymous_action.rb:49	const
discourse	consume	spec/lib/anonymous_action_spec.rb:72:32	lib/anonymous_action.rb:49	const
discourse	validate_before_create_multipart	lib/external_upload_helpers.rb:89:7	lib/external_upload_helpers.rb:345	implicit
discourse	active	app/controllers/calendar_subscriptions_controller.rb:38:8	app/models/user_api_key.rb:15	const
discourse	active	plugins/discourse-assign/plugin.rb:1100:47	plugins/discourse-assign/app/models/assignment.rb:21	const
discourse	normalize_args	plugins/discourse-ai/evals/lib/runners/discoveries.rb:14:18	plugins/discourse-ai/evals/lib/runners/discoveries.rb:49	implicit
discourse	normalize_args	plugins/discourse-ai/evals/lib/eval.rb:127:13	plugins/discourse-ai/evals/lib/eval.rb:137	implicit
discourse	cleanup_allowed?	lib/backup_restore/backup_store.rb:37:21	lib/backup_restore/backup_store.rb:96	implicit
discourse	cleanup_allowed?	lib/backup_restore/backup_store.rb:48:21	lib/backup_restore/backup_store.rb:96	implicit
discourse	has_text?	lib/onebox/engine/allowlisted_generic_onebox.rb:243:12	lib/onebox/engine/allowlisted_generic_onebox.rb:205	implicit
discourse	has_text?	lib/onebox/engine/allowlisted_generic_onebox.rb:202:73	lib/onebox/engine/allowlisted_generic_onebox.rb:205	implicit
discourse	modal	spec/system/page_objects/modals/create_invite.rb:19:16	spec/system/page_objects/modals/create_invite.rb:6	implicit
discourse	modal	spec/system/page_objects/modals/badge.rb:20:16	spec/system/page_objects/modals/badge.rb:8	implicit
discourse	object_from_path	lib/backup_restore/s3_backup_store.rb:81:13	lib/backup_restore/s3_backup_store.rb:109	implicit
discourse	object_from_path	lib/file_store/s3_store.rb:491:13	lib/file_store/s3_store.rb:280	implicit
discourse	clear_cache_for	plugins/discourse-ai/spec/lib/utils/search_spec.rb:166:51	plugins/discourse-ai/lib/embeddings/semantic_search.rb:6	const
discourse	clear_cache_for	plugins/discourse-ai/spec/requests/embeddings/embeddings_controller_spec.rb:11:47	plugins/discourse-ai/lib/embeddings/semantic_search.rb:6	const
discourse	to_boolean	script/bulk_import/generic_bulk.rb:3104:16	script/bulk_import/generic_bulk.rb:3729	implicit
discourse	to_boolean	script/bulk_import/generic_bulk.rb:2853:19	script/bulk_import/generic_bulk.rb:3729	implicit
discourse	description_for_auth_hash	lib/auth/managed_authenticator.rb:13:5	lib/auth/managed_authenticator.rb:16	implicit
discourse	from	app/models/global_setting.rb:384:32	app/models/global_setting.rb:310	const
discourse	from	spec/models/global_setting_spec.rb:174:44	app/models/global_setting.rb:310	const
discourse	parent_themes	app/models/theme.rb:742:7	app/models/theme.rb:55	implicit
discourse	user_field_values_from	plugins/discourse-openid-connect/lib/openid_connect_authenticator.rb:56:32	plugins/discourse-openid-connect/lib/openid_connect_authenticator.rb:61	implicit
discourse	user_field_values_from	plugins/discourse-oauth2-basic/lib/oauth2_basic_authenticator.rb:247:38	plugins/discourse-oauth2-basic/lib/oauth2_basic_authenticator.rb:146	implicit
discourse	attachment_html	script/import_scripts/ning.rb:362:21	script/import_scripts/base.rb:912	implicit
discourse	attachment_html	script/import_scripts/jive.rb:301:44	script/import_scripts/base.rb:912	implicit
discourse	database	script/import_scripts/smf2.rb:51:16	script/import_scripts/smf2.rb:732	local
discourse	load_custom	plugins/discourse-events/vendor/holidays/test/integration/test_custom_holidays.rb:18:53	plugins/discourse-events/vendor/holidays/lib/holidays.rb:93	const
discourse	load_custom	spec/serializers/emoji_serializer_spec.rb:43:42	app/models/emoji.rb:276	const
discourse	use_bbcode_to_md?	script/bulk_import/base.rb:78:29	script/bulk_import/base.rb:360	implicit
discourse	use_bbcode_to_md?	script/import_scripts/base.rb:30:29	script/import_scripts/base.rb:116	implicit
discourse	report_result	migrations/core/lib/migrations/conversion/step_runner.rb:61:13	migrations/core/lib/migrations/conversion/step_runner.rb:101	implicit
discourse	fix_username	lib/user_name_suggester.rb:17:12	lib/user_name_suggester.rb:105	implicit
discourse	fix_username	lib/auth/result.rb:211:50	lib/user_name_suggester.rb:105	const
discourse	username_for	script/import_scripts/json_generic.rb:69:48	script/import_scripts/json_generic.rb:31	implicit
discourse	username_for	script/import_scripts/json_generic.rb:89:52	script/import_scripts/json_generic.rb:31	implicit
discourse	input_sources	plugins/discourse-workflows/app/services/discourse_workflows/workflow/action/build_expression_preview_context.rb:153:34	plugins/discourse-workflows/app/services/discourse_workflows/workflow/action/build_expression_preview_context.rb:195	implicit
discourse	input_sources	plugins/discourse-workflows/lib/discourse_workflows/executor/execution_store.rb:403:34	plugins/discourse-workflows/lib/discourse_workflows/executor/execution_store.rb:413	implicit
discourse	reload!	spec/lib/email/message_builder_spec.rb:588:20	lib/freedom_patches/translate_accelerator.rb:29	const
discourse	reload!	spec/requests/application_controller_spec.rb:1335:18	lib/freedom_patches/translate_accelerator.rb:29	const
discourse	invoke_tool	plugins/discourse-ai/lib/agents/bot.rb:535:29	plugins/discourse-ai/lib/agents/bot.rb:660	implicit
discourse	backfill_settings	plugins/discourse-ai/db/migrate/20240207144910_fix_llm_backed_setting_defaults.rb:8:5	plugins/discourse-ai/db/migrate/20240207144910_fix_llm_backed_setting_defaults.rb:18	implicit
discourse	backfill_settings	plugins/discourse-ai/db/migrate/20240119152348_explicit_provider_backwards_compat.rb:5:5	plugins/discourse-ai/db/migrate/20240119152348_explicit_provider_backwards_compat.rb:16	implicit
discourse	import_avatars	script/bulk_import/vbulletin.rb:82:5	script/bulk_import/vbulletin.rb:629	implicit
discourse	import_avatars	script/import_scripts/vanilla_mysql.rb:49:5	script/import_scripts/vanilla_mysql.rb:156	implicit
discourse	as_mail_message	spec/jobs/regular/group_smtp_email_spec.rb:70:22	app/models/email_log.rb:105	local
discourse	as_mail_message	spec/jobs/regular/group_smtp_email_spec.rb:67:22	app/models/email_log.rb:105	local
discourse	matches_user_groups?	plugins/discourse-workflows/lib/discourse_workflows/nodes/user_seen/v1.rb:133:11	plugins/discourse-workflows/lib/discourse_workflows/node_type.rb:391	implicit
discourse	matches_user_groups?	plugins/discourse-workflows/lib/discourse_workflows/nodes/user_updated/v1.rb:72:11	plugins/discourse-workflows/lib/discourse_workflows/node_type.rb:391	implicit
discourse	penalty_counts	app/serializers/admin_detailed_user_serializer.rb:115:19	app/serializers/admin_detailed_user_serializer.rb:110	implicit
discourse	penalty_counts	app/models/trust_level3_requirements.rb:51:44	app/models/trust_level3_requirements.rb:81	implicit
discourse	ensure_can_manage_workflows!	plugins/discourse-workflows/lib/discourse_workflows/ai/tools/search_chat_channels.rb:37:43	plugins/discourse-workflows/lib/discourse_workflows/ai/tools/base.rb:13	implicit
discourse	ensure_can_manage_workflows!	plugins/discourse-workflows/lib/discourse_workflows/ai/tools/workflow_ai_agent_catalog.rb:38:43	plugins/discourse-workflows/lib/discourse_workflows/ai/tools/base.rb:13	implicit
discourse	base_query	plugins/discourse-ai/lib/completions/report.rb:239:27	plugins/discourse-ai/lib/completions/report.rb:10	implicit
discourse	base_query	plugins/discourse-ai/lib/completions/report.rb:186:9	plugins/discourse-ai/lib/completions/report.rb:10	implicit
discourse	with_item_index	plugins/discourse-workflows/lib/discourse_workflows/executor/parameter_resolver.rb:24:9	plugins/discourse-workflows/lib/discourse_workflows/executor/parameter_resolver.rb:32	implicit
discourse	with_item_index	plugins/discourse-workflows/lib/discourse_workflows/executor/node_execution_context.rb:516:9	plugins/discourse-workflows/lib/discourse_workflows/executor/node_execution_context.rb:563	implicit
discourse	expand	plugins/discourse-gamification/spec/system/page_objects/pages/admin_leaderboards.rb:25:28	spec/system/page_objects/components/select_kit.rb:91	local
discourse	expand	spec/system/page_objects/modals/create_invite.rb:59:22	spec/system/page_objects/components/select_kit.rb:91	local
discourse	chunk	migrations/core/lib/migrations/conversion/step/source.rb:73:26	migrations/core/lib/migrations/conversion/step/source.rb:17	implicit
discourse	public_types	lib/post_action_type_view.rb:58:70	lib/post_action_type_view.rb:51	implicit
discourse	synonyms	app/models/tag.rb:281:8	app/models/tag.rb:66	implicit
discourse	prior_end_date	app/services/admin_dashboard_search.rb:38:70	app/services/admin_dashboard_search.rb:191	implicit
discourse	prior_end_date	app/services/admin_dashboard_site_traffic.rb:240:5	app/services/admin_dashboard_site_traffic.rb:243	implicit
discourse	aliases	lib/route_matcher.rb:64:21	lib/route_matcher.rb:6	implicit
discourse	aliases	app/models/reviewable.rb:366:34	app/models/reviewable.rb:934	implicit
discourse	target_users_without_self	plugins/chat/app/services/chat/direct_message_channel/policy/can_communicate_all_parties.rb:54:5	plugins/chat/app/services/chat/direct_message_channel/policy/can_communicate_all_parties.rb:71	implicit
discourse	target_users_without_self	plugins/chat/app/services/chat/direct_message_channel/policy/can_communicate_all_parties.rb:60:5	plugins/chat/app/services/chat/direct_message_channel/policy/can_communicate_all_parties.rb:71	implicit
discourse	allowed	plugins/discourse-solved/lib/discourse_solved/guardian_extensions.rb:93:44	plugins/discourse-solved/lib/discourse_solved/accepted_answer_cache.rb:18	const
discourse	allowed	app/controllers/user_api_key_clients_controller.rb:60:65	app/models/user_api_key_client_scope.rb:12	const
discourse	for	plugins/discourse-ai/spec/lib/modules/embeddings/vector_spec.rb:15:58	plugins/discourse-ai/lib/embeddings/schema.rb:21	const
discourse	for	migrations/importer/lib/migrations/importer/steps/topics/topics.rb:97:29	lib/slug.rb:7	const
discourse	execute_with_config	plugins/discourse-workflows/lib/discourse_workflows/nodes/topic/v1.rb:248:26	plugins/discourse-workflows/lib/discourse_workflows/nodes/topic/v1.rb:256	implicit
discourse	execute_with_config	plugins/discourse-workflows/lib/discourse_workflows/nodes/data_table/v1.rb:212:35	plugins/discourse-workflows/lib/discourse_workflows/nodes/data_table/v1.rb:229	implicit
discourse	namespace	lib/discourse_redis.rb:201:20	lib/discourse_redis.rb:225	implicit
discourse	namespace	lib/discourse_redis.rb:177:12	lib/discourse_redis.rb:225	implicit
discourse	update_stats	plugins/automation/app/models/discourse_automation/stat.rb:22:7	plugins/automation/app/models/discourse_automation/stat.rb:93	implicit
discourse	update_stats	spec/models/category_spec.rb:918:18	app/models/category.rb:525	const
discourse	feature_context	plugins/discourse-ai/lib/agents/tools/flag_post.rb:169:30	plugins/discourse-ai/lib/agents/tools/flag_post.rb:188	implicit
discourse	bbcode_to_md	script/bulk_import/phpbb_postgresql.rb:418:12	script/bulk_import/phpbb_postgresql.rb:425	implicit
discourse	bbcode_to_md	script/import_scripts/phpbb3/support/text_processor.rb:62:16	script/import_scripts/phpbb3/support/text_processor.rb:98	implicit
discourse	import_topic	script/import_scripts/socialcast/import.rb:35:23	script/import_scripts/socialcast/import.rb:60	implicit
discourse	import_topic	script/import_scripts/friendsmegplus.rb:369:15	script/import_scripts/friendsmegplus.rb:382	implicit
discourse	update_notifications	app/jobs/regular/update_username.rb:44:7	app/jobs/regular/update_username.rb:107	implicit
discourse	bounced	app/controllers/admin/email_logs_controller.rb:47:39	app/models/email_log.rb:27	const
discourse	choices	spec/models/homepage_site_setting_spec.rb:8:62	lib/top_menu.rb:4	const
discourse	choices	lib/theme_settings_manager/enum.rb:6:13	lib/theme_settings_manager/enum.rb:10	implicit
discourse	message_by_id_selector	plugins/chat/spec/system/page_objects/chat/chat_channel.rb:165:14	plugins/chat/spec/system/page_objects/chat/chat_channel.rb:62	implicit
discourse	message_by_id_selector	plugins/chat/spec/system/page_objects/chat/chat_channel.rb:67:14	plugins/chat/spec/system/page_objects/chat/chat_channel.rb:62	implicit
discourse	find_by	plugins/discourse-ai/spec/lib/agents/bot_spec.rb:1186:48	plugins/discourse-ai/lib/agents/agent.rb:91	const
discourse	find_by	plugins/discourse-ai/lib/ai_bot/topic_agent_validator.rb:83:36	plugins/discourse-ai/lib/agents/agent.rb:91	const
discourse	not_implemented	lib/file_store/base_store.rb:67:7	lib/file_store/base_store.rb:227	implicit
discourse	not_implemented	lib/file_store/base_store.rb:55:7	lib/file_store/base_store.rb:227	implicit
discourse	args	lib/new_post_manager.rb:288:49	lib/new_post_manager.rb:9	implicit
discourse	args	spec/lib/new_post_manager_spec.rb:444:22	lib/new_post_manager.rb:9	local
discourse	add_user_to_groups	app/models/discourse_connect.rb:200:9	app/models/discourse_connect.rb:437	implicit
discourse	add_user_to_groups	app/models/discourse_connect.rb:237:9	app/models/discourse_connect.rb:437	implicit
discourse	manage_tags	app/controllers/admin/embeddable_hosts_controller.rb:41:9	app/controllers/admin/embeddable_hosts_controller.rb:62	implicit
discourse	where_name	lib/discourse_tagging.rb:928:9	app/models/tag.rb:24	const
discourse	where_name	lib/discourse_tagging.rb:909:21	app/models/tag.rb:24	const
discourse	topic_tag_names	plugins/discourse-workflows/lib/discourse_workflows/nodes/post_edited/v1.rb:119:32	plugins/discourse-workflows/lib/discourse_workflows/nodes/post_edited/v1.rb:122	implicit
discourse	topic_tag_names	plugins/discourse-workflows/lib/discourse_workflows/nodes/topic_closed/v1.rb:75:32	plugins/discourse-workflows/lib/discourse_workflows/nodes/topic_closed/v1.rb:78	implicit
discourse	serialize_node	plugins/discourse-workflows/lib/discourse_workflows/ai/tools/workflow_node_catalog.rb:271:15	plugins/discourse-workflows/lib/discourse_workflows/ai/tools/workflow_node_catalog.rb:289	implicit
discourse	serialize_node	plugins/discourse-workflows/lib/discourse_workflows/ai/tools/workflow_graph_context.rb:54:39	plugins/discourse-workflows/lib/discourse_workflows/ai/tools/workflow_graph_context.rb:65	implicit
discourse	process_attachments	script/import_scripts/nabble.rb:153:15	script/import_scripts/nabble.rb:201	implicit
discourse	process_attachments	script/import_scripts/phpbb3/support/text_processor.rb:68:9	script/import_scripts/phpbb3/support/text_processor.rb:163	implicit
discourse	has_no_section?	spec/system/page_objects/components/navigation_menu/base.rb:120:11	spec/system/page_objects/components/navigation_menu/base.rb:74	implicit
discourse	format_response	plugins/discourse-ai/evals/lib/runners/ai_helper.rb:52:23	plugins/discourse-ai/evals/lib/runners/ai_helper.rb:162	implicit
discourse	format_response	plugins/discourse-ai/evals/lib/runners/inference.rb:98:23	plugins/discourse-ai/evals/lib/runners/inference.rb:131	implicit
discourse	log_theme_destroy	app/services/themes/bulk_destroy.rb:51:47	app/services/staff_action_logger.rb:440	local
discourse	quote_identifier	migrations/importer/lib/migrations/importer/discourse_db.rb:75:22	migrations/importer/lib/migrations/importer/discourse_db.rb:150	implicit
discourse	quote_identifier	migrations/importer/lib/migrations/importer/discourse_db.rb:18:58	migrations/importer/lib/migrations/importer/discourse_db.rb:150	implicit
discourse	change	spec/mailers/user_notifications_spec.rb:37:17	app/models/topic_user.rb:113	const
discourse	change	app/models/topic_user.rb:64:9	app/models/topic_user.rb:113	implicit
discourse	prev_end_date	app/models/report.rb:294:22	app/models/report.rb:274	implicit
discourse	create_params	app/controllers/posts_controller.rb:200:22	app/controllers/posts_controller.rb:926	implicit
discourse	create_params	app/controllers/posts_controller.rb:208:9	app/controllers/posts_controller.rb:926	implicit
discourse	authenticate_second_factor	app/controllers/session_controller.rb:898:11	app/controllers/session_controller.rb:825	implicit
discourse	authenticate_second_factor	app/controllers/session_controller.rb:381:33	app/controllers/session_controller.rb:825	implicit
discourse	filter_ignored_users	plugins/discourse-reactions/lib/discourse_reactions/post_reactions_query.rb:69:11	plugins/discourse-reactions/lib/discourse_reactions/post_reactions_query.rb:165	implicit
discourse	filter_ignored_users	app/controllers/post_action_users_controller.rb:19:7	app/controllers/post_action_users_controller.rb:58	implicit
discourse	assignee_data	plugins/discourse-assign/lib/discourse_workflows/nodes/assigned/v1.rb:66:28	plugins/discourse-assign/lib/discourse_workflows/nodes/assigned/v1.rb:73	implicit
discourse	assignee_data	plugins/discourse-assign/lib/discourse_workflows/nodes/assign_topic/v1.rb:138:38	plugins/discourse-assign/lib/discourse_workflows/nodes/assign_topic/v1.rb:151	implicit
discourse	default_css	app/services/email_style_updater.rb:36:36	app/models/email_style.rb:34	const
discourse	default_css	app/models/email_style.rb:15:37	app/models/email_style.rb:26	implicit
discourse	import_user_profiles	script/bulk_import/vanilla.rb:77:5	script/bulk_import/vanilla.rb:162	implicit
discourse	import_user_profiles	script/bulk_import/vbulletin5.rb:76:5	script/bulk_import/vbulletin5.rb:239	implicit
discourse	create_step	lib/wizard.rb:23:12	lib/wizard.rb:16	implicit
discourse	write_manifest	app/services/custom_emoji/action/build_export_archive.rb:17:7	app/services/custom_emoji/action/build_export_archive.rb:34	implicit
discourse	resolve_user	plugins/discourse-ai/lib/agents/tool_runner/discourse.rb:626:18	plugins/discourse-ai/lib/agents/tool_runner/discourse.rb:617	implicit
discourse	resolve_user	plugins/discourse-ai/lib/agents/tool_runner.rb:79:16	plugins/discourse-ai/lib/agents/tool_runner.rb:70	implicit
discourse	item_json	plugins/discourse-workflows/lib/discourse_workflows/nodes/summarize/v1.rb:323:33	plugins/discourse-workflows/lib/discourse_workflows/nodes/summarize/v1.rb:371	implicit
discourse	item_json	plugins/discourse-workflows/spec/lib/discourse_workflows/node_output_contracts_spec.rb:164:20	plugins/discourse-workflows/lib/discourse_workflows/webhook_request.rb:31	local
discourse	post_process	spec/lib/cooked_post_processor_spec.rb:1209:13	lib/cooked_post_processor.rb:34	local
discourse	post_process	plugins/discourse-ai/lib/translation/post_localizer.rb:29:28	lib/localized_cooked_post_processor.rb:20	local
discourse	eligible?	app/controllers/admin/config/logo_controller.rb:12:31	lib/topic_og_image_generator.rb:18	const
discourse	eligible?	lib/cooked_post_processor.rb:174:36	lib/topic_og_image_generator.rb:18	const
discourse	attached_upload_ids	plugins/discourse-ai/app/controllers/discourse_ai/admin/ai_tools_controller.rb:27:64	plugins/discourse-ai/app/controllers/discourse_ai/admin/ai_tools_controller.rb:144	implicit
discourse	attached_upload_ids	plugins/discourse-ai/app/controllers/discourse_ai/admin/ai_agents_controller.rb:90:65	plugins/discourse-ai/app/controllers/discourse_ai/admin/ai_agents_controller.rb:449	implicit
discourse	collect_inline	plugins/discourse-ai/lib/completions/odt_to_text.rb:142:9	plugins/discourse-ai/lib/completions/odt_to_text.rb:146	implicit
discourse	collect_inline	plugins/discourse-ai/lib/completions/ods_to_text.rb:146:9	plugins/discourse-ai/lib/completions/ods_to_text.rb:150	implicit
discourse	matches_category_ids?	plugins/discourse-workflows/lib/discourse_workflows/nodes/post_edited/v1.rb:93:13	plugins/discourse-workflows/lib/discourse_workflows/node_type.rb:373	implicit
discourse	matches_category_ids?	plugins/discourse-workflows/lib/discourse_workflows/nodes/topic_closed/v1.rb:65:11	plugins/discourse-workflows/lib/discourse_workflows/node_type.rb:373	implicit
discourse	generate_upload_url	app/controllers/admin/backups_controller.rb:248:26	lib/backup_restore/backup_store.rb:76	local
discourse	export_topics	lib/import_export/base_exporter.rb:200:31	lib/import_export/base_exporter.rb:164	implicit
discourse	log_api_key_revoke	app/controllers/admin/api_controller.rb:110:7	app/controllers/admin/api_controller.rb:161	implicit
discourse	create_direct_multipart_upload	lib/external_upload_helpers.rb:101:33	app/services/external_upload_manager.rb:54	const
discourse	plugins	lib/discourse.rb:432:5	lib/discourse.rb:400	implicit
discourse	plugins	lib/plugin/js_manager.rb:202:32	lib/discourse.rb:400	const
discourse	delete_user	app/models/concerns/reviewable_action_builder.rb:84:5	app/models/concerns/reviewable_action_builder.rb:149	implicit
discourse	delete_user	app/models/concerns/reviewable_action_builder.rb:92:5	app/models/concerns/reviewable_action_builder.rb:149	implicit
discourse	edit	spec/system/composer_spec.rb:65:18	spec/system/page_objects/components/post.rb:18	local
discourse	flair_url	spec/requests/groups_controller_spec.rb:1492:22	app/models/group.rb:1010	local
discourse	flair_url	spec/requests/groups_controller_spec.rb:1777:22	app/models/group.rb:1010	local
discourse	javascript_cache	app/models/theme_field.rb:245:5	app/models/theme_field.rb:11	implicit
discourse	javascript_cache	app/models/theme.rb:231:7	app/models/theme.rb:68	implicit
discourse	get_oembed_url	lib/onebox/engine/standard_embed.rb:124:22	lib/onebox/engine/standard_embed.rb:137	implicit
discourse	tokenize	lib/html_prettify.rb:96:14	lib/html_prettify.rb:328	implicit
discourse	tokenize	plugins/discourse-workflows/lib/discourse_workflows/cron_parser.rb:114:16	plugins/discourse-workflows/lib/discourse_workflows/cron_parser.rb:126	implicit
discourse	endpoint	plugins/discourse-ai/spec/lib/completions/endpoints/endpoint_compliance.rb:170:35	plugins/discourse-ai/spec/lib/completions/endpoints/endpoint_compliance.rb:231	implicit
discourse	endpoint	plugins/discourse-ai/spec/lib/completions/endpoints/endpoint_compliance.rb:222:7	plugins/discourse-ai/spec/lib/completions/endpoints/endpoint_compliance.rb:231	implicit
discourse	new_value	plugins/discourse-ai/lib/agents/tools/change_site_setting.rb:225:15	plugins/discourse-ai/lib/agents/tools/change_site_setting.rb:200	implicit
discourse	sha1	lib/onebox/mixins/git_blob_onebox.rb:265:19	lib/onebox/mixins/git_blob_onebox.rb:161	implicit
discourse	is_spam?	lib/email/receiver.rb:1516:32	lib/email/receiver.rb:411	implicit
discourse	is_spam?	plugins/discourse-ai/lib/ai_moderation/spam_scanner.rb:249:21	plugins/discourse-ai/lib/ai_moderation/spam_scanner.rb:324	implicit
discourse	agent_setting	plugins/discourse-ai/lib/translation/base_translator.rb:17:54	plugins/discourse-ai/lib/translation/base_translator.rb:77	implicit
discourse	agent_setting	plugins/discourse-ai/lib/configuration/feature.rb:442:32	plugins/discourse-ai/lib/configuration/feature.rb:422	implicit
discourse	group_params	app/controllers/admin/groups_controller.rb:14:29	app/controllers/admin/groups_controller.rb:114	implicit
discourse	group_params	app/controllers/admin/groups_controller.rb:12:15	app/controllers/admin/groups_controller.rb:114	implicit
