repo	query	expect
hugo	hugolib.HugoSites	^hugolib/hugo_sites.go:62 HugoSites$
hugo	page.Site	^resources/page/site.go:37 Site$
hugo	(*HugoSites).Build	^hugolib/hugo_sites_build.go:64 Build$
hugo	HugoSites.Build	^hugolib/hugo_sites_build.go:64 Build$
hugo	hugolib.HugoSites.Build	^hugolib/hugo_sites_build.go:64 Build$
hugo	HugoSites	^hugolib/hugo_sites.go:62 HugoSites$
hugo	String	!_string\.go:
hugo	Site	^(resources/page/site.go:37|hugolib/site.go:103) Site$
gin	gin.Context	^context.go:61 Context$
gin	gin.Default	^gin.go:\d+ Default$
gin	gin.New	^gin.go:215 New$
gin	Context	^context.go:61 Context$
gin	Engine	^gin.go:99 Engine$
django	django.db.models.QuerySet	^django/db/models/query.py:374 QuerySet$
django	models.QuerySet	^django/db/models/query.py:374 QuerySet$
django	models.Model	^django/db/models/base.py:508 Model$
django	QuerySet	^django/db/models/query.py:374 QuerySet$
django	QuerySet.filter	^django/db/models/query.py:\d+ filter$
django	Model	^django/db/models/base.py:508 Model$
tokio	mpsc::Sender	^tokio/src/sync/mpsc/bounded.rs:\d+ Sender$
tokio	sync::mpsc::Sender	^tokio/src/sync/mpsc/bounded.rs:\d+ Sender$
tokio	tokio::sync::mpsc::Sender	^tokio/src/sync/mpsc/bounded.rs:\d+ Sender$
tokio	oneshot::Sender	^tokio/src/sync/oneshot.rs:222 Sender$
tokio	Runtime	^tokio/src/runtime/runtime.rs:95 Runtime$
tokio	Mutex	^tokio/src/sync/mutex.rs:133 Mutex$
ripgrep	Searcher	^crates/searcher/src/searcher/mod.rs:577 Searcher$
ripgrep	RegexMatcher	^crates/regex/src/matcher.rs:367 RegexMatcher$
excalidraw	Excalidraw	^packages/excalidraw/index.tsx:401 Excalidraw$
excalidraw	fontfam	^packages/common/src/constants.ts:140 FONT_FAMILY$
excalidraw	fntfam	^packages/common/src/constants.ts:140 FONT_FAMILY$
excalidraw	EVT	^packages/common/src/constants.ts:61 EVENT$
tokio	JoinHandle	^tokio/src/runtime/task/join.rs:156 JoinHandle$
tokio	TryRecvError::Empty	^tokio/src/sync/(mpsc/error|broadcast).rs:\d+ Empty$
tokio	select	^tokio/src/macros/select.rs:\d+ select$
tokio	block_on	^tokio/src/runtime/(runtime|handle).rs:(325|300) block_on$
tokio	Runtime::block_on	^tokio/src/runtime/runtime.rs:325 block_on$
gin	HandlerFunc	^gin.go:58 HandlerFunc$
gin	HandlersChain	^gin.go:64 HandlersChain$
excalidraw	EVENT.MOUSE_MOVE	^packages/common/src/constants.ts:67 MOUSE_MOVE$
django	deconstruct	^django/db/models/fields/__init__.py:606 deconstruct$
